date,0,1,OT
2016-07-01 02:00:00,-0.05173293089201744,-1.1911404369172052,1.6733798133259818
2016-07-01 03:00:00,1.6799538320692264,0.8933520275268111,0.9391350055833618
2016-07-01 04:00:00,-0.8085092465353299,-0.34424657505294426,1.042474334978277
2016-07-01 05:00:00,-0.5361522475216005,-0.24586653961920507,1.1604198434321238
2016-07-01 06:00:00,0.09111638505825609,2.3770367292374748,6.101941711318877
2016-07-01 07:00:00,-0.6317676516246241,-0.7742355898422355,-0.5549272146493011
2016-07-01 08:00:00,1.1225361100123308,0.4807411599185308,1.0837662030992967
2016-07-01 09:00:00,-0.22648603428959208,-0.3866092775915446,1.472066070422869
2016-07-01 10:00:00,1.9676731038136825,2.151546089009055,-3.4770025200452452
2016-07-01 11:00:00,-0.019896576171946817,0.6303358426552087,1.0231741911543561
2016-07-01 12:00:00,-0.7662879334646622,-0.295812012898478,1.0616339692099392
2016-07-01 13:00:00,-0.6880118404777344,-0.6420760842300239,-0.38382671112127636
2016-07-01 14:00:00,-0.8883374853953776,-0.6178401452320821,0.3275696054541225
2016-07-01 15:00:00,-0.5384523326676791,-0.8549460551370841,-0.48100600203668886
2016-07-01 16:00:00,1.1045129907344948,0.7733993171243498,1.5162691278067792
2016-07-01 17:00:00,-0.6904688327989789,-0.9114804407381472,0.14646929649822882
2016-07-01 18:00:00,-0.11019514890850388,1.2793395852532374,2.094506065497607
2016-07-01 19:00:00,-0.44902604538649143,-0.7966212133872099,1.7893516794533157
2016-07-01 20:00:00,-1.0879658443138527,0.0507626036728972,-0.10984811659962385
2016-07-01 21:00:00,0.6136812581350704,0.9952707923053032,0.6619938027914283
2016-07-01 22:00:00,1.2034314771409909,0.5588630498610025,0.6373401085889374
2016-07-01 23:00:00,-0.6094155538819875,-1.1049664598108513,0.5802153928789073
2016-07-02 00:00:00,-0.9178618463934473,-0.7169623984147284,1.0397990569999105
2016-07-02 01:00:00,1.5491821063360105,0.2037621864707334,-0.1295441066847028
2016-07-02 02:00:00,0.7572736956034388,1.32452349275709,0.9419604076483322
2016-07-02 03:00:00,-1.3287301612456242,0.09563612053237913,-1.1309477989875765
2016-07-02 04:00:00,0.2693562828708171,1.4267175314315765,0.6400023616146557
2016-07-02 05:00:00,-1.792947161559738,-1.8960293888780848,-1.0811268684995547
2016-07-02 06:00:00,0.125276753889534,0.38579385324632165,-0.002659875504398973
2016-07-02 07:00:00,-1.4494429569282319,-0.5137940149574587,-0.280930357781024
2016-07-02 08:00:00,-0.7846441562979074,-1.0120289461235201,-0.19678288179161474
2016-07-02 09:00:00,-0.9721581481506096,-1.1394233437219032,0.7953946781817232
2016-07-02 10:00:00,-0.668535175737359,-1.1539001826433526,0.292657529576547
2016-07-02 11:00:00,-0.5455503579913724,-0.9129310226760896,2.4082659597695746
2016-07-02 12:00:00,0.7731833035614039,1.0193667963703263,0.9432908415765092
2016-07-02 13:00:00,-2.0397854686480987,-1.7583677278718604,-0.6617840039595018
2016-07-02 14:00:00,-0.979318941083247,-1.0377450331061242,1.8108280674569335
2016-07-02 15:00:00,-2.1287321370266987,-0.17977790872564248,-0.6302371083699901
2016-07-02 16:00:00,-0.6134032318424585,-0.5230985510966669,0.24141065955297786
2016-07-02 17:00:00,-1.891288624368884,-0.3959215693123921,0.6509931845699447
2016-07-02 18:00:00,-0.49611715416804497,-1.8386388438915855,2.3371384620844595
2016-07-02 19:00:00,-0.10781944696236938,0.17085894905916832,0.05108946034030769
2016-07-02 20:00:00,0.9581824972289419,1.411417331326068,1.9288565476633268
2016-07-02 21:00:00,0.5194546914363888,-0.44952783626464515,0.03067366886773587
2016-07-02 22:00:00,-0.8768665197947931,0.42728442981023773,-0.5045079574521418
2016-07-02 23:00:00,0.45818671435106056,-0.17031470066226417,1.2789718079499635
2016-07-03 00:00:00,0.7295427201765662,1.1288036481834403,1.46799953549615
2016-07-03 01:00:00,0.13450352757978823,-0.7255999327472024,-0.45683830171072115
2016-07-03 02:00:00,1.9049889760378713,2.6361033467877975,-1.9052147344298922
2016-07-03 03:00:00,0.016958430757637772,0.4134966529366758,0.1456867629971877
2016-07-03 04:00:00,0.9925460135952048,0.6956865201971931,0.5683060107603207
2016-07-03 05:00:00,-0.6578150154795859,-1.2918538762796177,1.5889332955375937
2016-07-03 06:00:00,-1.3870310271862245,1.1716197453392319,2.2394629326347895
2016-07-03 07:00:00,0.6284266038689624,0.05827360132053161,-0.24581396613172685
2016-07-03 08:00:00,1.1461736133241256,0.749621896508004,0.4430496208653233
2016-07-03 09:00:00,0.7237548225960798,-0.25296908164561627,-0.09886175786931012
2016-07-03 10:00:00,-0.8935339936256558,-0.19815271837100346,0.1452199434970533
2016-07-03 11:00:00,-0.05426442351318978,-0.9477152937814715,0.511006567902935
2016-07-03 12:00:00,0.30103434720867267,0.6113597181325903,1.7872772033797133
2016-07-03 13:00:00,-0.30127976278833574,0.24791029951680316,0.9496012688125848
2016-07-03 14:00:00,-0.7211719538720748,-1.9153131124198546,3.2069563716865597
2016-07-03 15:00:00,1.0288174092257931,0.07323069771340829,-0.5658189512927352
2016-07-03 16:00:00,0.40466412963909054,0.7097176050060516,0.059689260270318456
2016-07-03 17:00:00,0.7915896791818268,0.8876370991356831,0.8473519622999908
2016-07-03 18:00:00,-1.3728664195399718,-0.9483002373211548,-0.612003235200659
2016-07-03 19:00:00,0.7175091696899869,0.5562504925784955,1.4176692800704978
2016-07-03 20:00:00,0.4703777790301405,0.19975977821621943,-0.5602753668303466
2016-07-03 21:00:00,-0.35505113322062887,-0.4349880432536008,0.9103212843631356
2016-07-03 22:00:00,1.297432803200761,0.593993197403476,0.965051459031768
2016-07-03 23:00:00,-1.4939874020168527,-1.1890737594205782,0.3312994781609158
2016-07-04 00:00:00,-0.09218542258867425,-0.613689093269591,1.127146612574219
2016-07-04 01:00:00,-0.4789767073467592,-0.7369487336724662,1.1812796774712955
2016-07-04 02:00:00,-0.5443268396123148,1.4719570911052924,1.2435648833983066
2016-07-04 03:00:00,0.6659017402606023,0.6272582397161854,-1.220347722310466
2016-07-04 04:00:00,0.955170923929114,-0.22303873895428505,0.5898589778863226
2016-07-04 05:00:00,-0.31928372712321196,0.042680614874377076,0.33572251573837986
2016-07-04 06:00:00,-0.5553363829322966,-0.7161848981041852,0.05870369932589292
2016-07-04 07:00:00,0.2806160501331051,1.2277311032692348,1.8686947101265723
2016-07-04 08:00:00,1.1816569913862793,0.8865142931246112,-0.16743466890105574
2016-07-04 09:00:00,-0.0967514243756252,0.09188221415211693,1.407285940670568
2016-07-04 10:00:00,-0.7106364558460063,-0.36561198678124845,1.3826711165499388
2016-07-04 11:00:00,0.4116290944186538,0.11442132210152028,0.5094952025971623
2016-07-04 12:00:00,-0.8125677491124788,-0.8335259168499447,-0.46754425614174383
2016-07-04 13:00:00,1.08739097583634,0.4248684453811738,-0.6984493749336242
2016-07-04 14:00:00,1.2640861201588798,-0.06438610835564262,-0.5640501186058616
2016-07-04 15:00:00,0.8679680148069209,1.2618354780684562,0.6500110606838181
2016-07-04 16:00:00,-0.40747780152062096,0.49229079034139905,-0.41678112411810775
2016-07-04 17:00:00,0.12967363131658205,1.31016947480678,2.661315433492692
2016-07-04 18:00:00,1.2872653415908497,1.3465635620348497,0.5376223249116229
2016-07-04 19:00:00,0.3563539739556881,0.6733887896820525,-0.4144437630576131
2016-07-04 20:00:00,-0.19123677210525586,-0.04080350862267679,0.033543776852391384
2016-07-04 21:00:00,-0.03136889491736751,0.402918099891541,-0.09222049882171954
2016-07-04 22:00:00,-0.8514176759641188,-0.26820979612930795,0.7119308682977437
2016-07-04 23:00:00,3.298282619479145,2.4347606197351874,-6.217243318272654
2016-07-05 00:00:00,-0.02035948288248716,0.1945377661025006,2.137896036493596
2016-07-05 01:00:00,1.8236988167664532,0.8533946082351347,-1.1538027320304025
2016-07-05 02:00:00,-0.253888261081779,0.40161318063611984,-1.028156490503033
2016-07-05 03:00:00,1.1123494878886262,1.0852489221856654,0.631860925359016
2016-07-05 04:00:00,-0.3100388160827986,-1.8684915756079432,2.321672482550477
2016-07-05 05:00:00,-0.049564768667275695,-0.9657534347451837,0.4530697482365891
2016-07-05 06:00:00,-0.4696419191446887,0.4501670775599957,0.3080278712156932
2016-07-05 07:00:00,0.44863947177620267,0.33061049509514906,-0.467790470218677
2016-07-05 08:00:00,-0.12952912126488644,-0.32054144305245263,0.016644170881617987
2016-07-05 09:00:00,0.5518367965449487,0.9151071761828029,2.280838503688455
2016-07-05 10:00:00,0.4508954431908004,0.3063924106985307,-0.6675547256515245
2016-07-05 11:00:00,1.1446776534699716,0.8417257997153184,0.050514276755523474
2016-07-05 12:00:00,-0.8129774360186924,-1.8605840401782379,1.7203252688504471
2016-07-05 13:00:00,1.0078506042404454,0.2529585484910821,1.0266496950320616
2016-07-05 14:00:00,-1.2096942814972467,-2.2163255798402037,2.974558770052364
2016-07-05 15:00:00,0.1138907166104662,0.6007973764125121,-0.37322924051828144
2016-07-05 16:00:00,0.4490373355466354,1.3144669167157232,1.5981240970917472
2016-07-05 17:00:00,-0.6477107343835367,-0.6373524038721904,-0.45401875928684576
2016-07-05 18:00:00,0.24218145480929876,1.078069799150695,1.159116386509137
2016-07-05 19:00:00,0.6995218132448444,0.758846329369903,1.0201962650717302
2016-07-05 20:00:00,-0.1085604878111704,-2.149726420320738,4.829089371692417
2016-07-05 21:00:00,-0.17379400775945442,0.6695736644278653,1.500746475499057
2016-07-05 22:00:00,-1.1768089892351317,-0.011093069628359764,-0.5473625370722238
2016-07-05 23:00:00,-0.8275393829730041,-0.8355466408499426,1.0804374527071725
2016-07-06 00:00:00,1.1900551495269105,2.3078718332708212,1.3264975104362815
2016-07-06 01:00:00,1.7461628016455288,1.7674742295009986,-1.6297171983169747
2016-07-06 02:00:00,-0.45570103180945887,0.061055612678044824,0.2262196636571195
2016-07-06 03:00:00,1.1819148143303326,-0.6759306737192337,1.8091448919880788
2016-07-06 04:00:00,0.21808847872152132,0.08878999480466315,0.391025210885068
2016-07-06 05:00:00,-0.3823711584733992,-0.1714147827351622,0.2641892174280401
2016-07-06 06:00:00,0.9887350710010394,0.9358865465926742,1.7093486075642803
2016-07-06 07:00:00,1.0993550517682185,0.9790689614979068,-1.1770909778486678
2016-07-06 08:00:00,-1.010168197378512,-0.7442841175871289,1.4990244486473998
2016-07-06 09:00:00,-0.12407699194150695,0.49281920944191504,-1.2772274988420194
2016-07-06 10:00:00,0.9326601397141471,0.8218989683543094,0.25624333385052156
2016-07-06 11:00:00,2.2028729900500887,0.3080069168140366,1.1897010568185409
2016-07-06 12:00:00,-0.12086553359653933,-0.4639602754611301,-0.2147541876171897
2016-07-06 13:00:00,-0.20668573402267673,-0.28478346094196716,0.5398614253924456
2016-07-06 14:00:00,2.220449799894253,2.330265911345978,-2.876165146855745
2016-07-06 15:00:00,0.1800195931036598,0.30319225825873153,0.5988866127267828
2016-07-06 16:00:00,-0.2875826764980325,-0.5694180950201508,0.06786772829426499
2016-07-06 17:00:00,1.3826946629195058,2.6539735674280576,0.7428957568481894
2016-07-06 18:00:00,0.18230612121371786,-0.09992854993843814,-1.0181377976795907
2016-07-06 19:00:00,0.6392499470992833,1.123797655505097,1.122420728867811
2016-07-06 20:00:00,-1.2085757959362426,-0.4197655007031913,0.1571041697027598
2016-07-06 21:00:00,-0.24189103406075035,-0.32623549815471636,0.7985933886645565
2016-07-06 22:00:00,0.2386937745028341,-0.26965171816755407,-1.630907485819163
2016-07-06 23:00:00,-0.5032509358284816,-0.8960210050299269,1.7129393540687077
2016-07-07 00:00:00,2.1630728703080186,0.8948292444959013,-1.0347735234251667
2016-07-07 01:00:00,0.012467428812155108,-0.19489668146026579,1.229597648316555
2016-07-07 02:00:00,-1.1773416872670246,-0.11157931515480435,-0.5305397099325188
2016-07-07 03:00:00,-0.42772936026867586,-0.8734247674395168,1.1116758851427482
2016-07-07 04:00:00,-1.3374047814004923,0.20807891529542177,-0.4662531849593276
2016-07-07 05:00:00,-0.7350135593565738,-0.6983593824449918,1.7258303523600393
2016-07-07 06:00:00,0.7799732612125185,0.27156449541512395,-0.8736786580928633
2016-07-07 07:00:00,-0.6279423506099305,-0.8712617209355508,0.2877205525339489
2016-07-07 08:00:00,0.9905099908479025,0.8306653032072355,0.27503451349635827
2016-07-07 09:00:00,-0.8454907755930845,0.28129398764872904,0.33073032621382537
2016-07-07 10:00:00,-0.05515318529551013,0.7192851326223507,0.9960885774396786
2016-07-07 11:00:00,0.037148482748597715,0.28624062049684634,-0.24453869799157077
2016-07-07 12:00:00,-1.310152882094643,-1.9530801851852972,1.767725005680642
2016-07-07 13:00:00,1.1627320194883177,0.23375302883278182,0.6915622978899648
2016-07-07 14:00:00,0.01747379584571955,-0.04201298410329593,-0.6333019830365908
2016-07-07 15:00:00,-0.21352675643925026,0.54519889349934,0.9610874161176646
2016-07-07 16:00:00,0.3641775998213086,0.06500833993345767,-0.1805234627343852
2016-07-07 17:00:00,1.2587347796783368,1.2761349133924207,1.624774439700353
2016-07-07 18:00:00,0.271181508606102,-1.120076134675058,1.343146069486559
2016-07-07 19:00:00,-2.2449054526841055,-1.9555409999786932,-3.4704316573857747
2016-07-07 20:00:00,-1.118093015960473,-0.17396738568013814,0.011828679615270917
2016-07-07 21:00:00,2.9127707796770808,-0.7102695899043879,-0.6174596498412409
2016-07-07 22:00:00,0.6700041400409971,1.6725623269980485,3.7036469477390668
2016-07-07 23:00:00,0.8527883837252133,0.7805158790038393,0.42388830674374217
2016-07-08 00:00:00,-0.4712658998579977,-1.5763101104198134,2.046194084538445
2016-07-08 01:00:00,0.21987614588788496,0.951800651643931,1.2089499685492568
2016-07-08 02:00:00,-1.1736489456891173,-0.34302151935097047,0.7299897750896851
2016-07-08 03:00:00,-1.585054018895195,-0.781992512724248,-0.35663750324437715
2016-07-08 04:00:00,0.9613014319778408,-0.3654741178486943,0.39405444214183594
2016-07-08 05:00:00,-0.00039886180584785386,-0.37902475963101784,0.1254134162769145
2016-07-08 06:00:00,-0.29610905919276836,-1.082293833485325,0.7685564125290882
2016-07-08 07:00:00,1.3208781570553572,1.6822969391738993,1.6499520005980912
2016-07-08 08:00:00,0.0231613895189785,0.9915251115506792,0.4696943939094631
2016-07-08 09:00:00,-2.339344013251135,-2.4982552194147383,-3.9096595521430704
2016-07-08 10:00:00,0.823223461091177,1.4139956504827385,0.45451693025369067
2016-07-08 11:00:00,-0.2521082823923439,-0.42581518017061115,-0.33489955321016696
2016-07-08 12:00:00,-0.07239506848124544,-0.617589136733683,-0.30435660620762217
2016-07-08 13:00:00,0.07340065635636965,-0.16516823594066474,-0.13905816894810696
2016-07-08 14:00:00,-1.5057017005747746,-0.48545309792347824,0.5439003269772986
2016-07-08 15:00:00,-0.8097056171344461,-1.1364768199606268,1.1729742406919859
2016-07-08 16:00:00,-0.48152547008960606,-0.8683495024926531,1.3448200109812278
2016-07-08 17:00:00,0.5689518204961846,-0.8333442059601619,1.2126723569983238
2016-07-08 18:00:00,0.6837920339523127,-0.13031949313177094,-0.7395947742180439
2016-07-08 19:00:00,0.7126572958864819,0.13021197036850796,-2.434062456588099
2016-07-08 20:00:00,0.749992303648831,1.5656075210777782,2.0214287631182426
2016-07-08 21:00:00,1.4034923531312113,1.034114839138073,-0.1528412403429198
2016-07-08 22:00:00,-1.590096517721892,-1.4888590123251713,0.01822450836395422
2016-07-08 23:00:00,0.4318331116604471,0.6585625012352109,-0.016735806317018875
2016-07-09 00:00:00,-0.3503707330436029,-1.1040596384431365,1.5379906175798965
2016-07-09 01:00:00,-0.4124159053062047,-0.5426540168675997,-0.42540270047913825
2016-07-09 02:00:00,-0.11948875859226615,-0.030100774675635364,-0.24732594116538606
2016-07-09 03:00:00,-0.5849232218630332,-0.26096791050566936,0.8792679548515233
2016-07-09 04:00:00,-0.3663981244469656,1.2075320854009965,0.2663394409058415
2016-07-09 05:00:00,0.16162631297677105,0.47852993588214454,-0.06935693289951089
2016-07-09 06:00:00,-1.105389826613902,0.4148704806003609,0.04317716816382878
2016-07-09 07:00:00,0.5833828734137487,1.9031297716268392,4.1530299032866385
2016-07-09 08:00:00,2.0680300876405777,0.6973578441704049,0.5672765752603693
2016-07-09 09:00:00,-0.8607488707431604,-0.8692863524014868,0.011777406808672175
2016-07-09 10:00:00,1.033137205278188,0.6714702947518506,1.0361861016656901
2016-07-09 11:00:00,1.0243840989836412,1.5375672484569671,1.5971780689154615
2016-07-09 12:00:00,-0.10313956735557932,-0.3097330966346549,0.6625892454783062
2016-07-09 13:00:00,-0.25753832537882176,-0.2312632096123533,-0.6638081164231626
2016-07-09 14:00:00,0.592488263713162,2.401298237816995,6.2546982841576835
2016-07-09 15:00:00,0.16391500230061115,-0.8414674148024077,1.3898485324784047
2016-07-09 16:00:00,1.1468758465582907,0.6596634414724096,0.18582048317966612
2016-07-09 17:00:00,-0.4569179814563022,-0.6268593046440797,0.0539930379282737
2016-07-09 18:00:00,-0.4390748627537584,-0.46562096961463173,-0.6773643591473109
2016-07-09 19:00:00,0.42336370166529413,2.5467081042230246,5.963475203129125
2016-07-09 20:00:00,0.15039210453900995,-0.962412049088128,0.3407367455565745
2016-07-09 21:00:00,-0.717046056039845,-1.0071158018525894,0.26376014545634163
2016-07-09 22:00:00,0.8961179556988381,1.5365212120183132,1.0985426684620578
2016-07-09 23:00:00,-0.9160458838391173,-0.7429592719719617,-0.18621819552485963
2016-07-10 00:00:00,1.0095582361752617,-0.06280727060589175,0.6374653430179776
2016-07-10 01:00:00,-0.27936247073145865,-0.7749691128428151,0.6569955665341194
2016-07-10 02:00:00,-0.7497967511056949,-1.3342143914315365,1.809206268574074
2016-07-10 03:00:00,0.4946098393646935,-0.12537437319026412,0.9038257518254054
2016-07-10 04:00:00,0.5147183028894011,1.0434679698579,1.7012766704926447
2016-07-10 05:00:00,1.1722850369556115,-0.33709208051675954,-0.5218878996733525
2016-07-10 06:00:00,0.546039080707233,1.8183746520933601,1.6480385317188788
2016-07-10 07:00:00,-0.5979823361219456,0.09058208050642791,0.6116767521767335
2016-07-10 08:00:00,0.4791002824195739,-0.41882952173082755,-0.01278989515913359
2016-07-10 09:00:00,1.0168902315066826,1.6022414105606355,1.7825880874550875
2016-07-10 10:00:00,1.0329403938352586,-0.3718398344142404,0.23210544546281886
2016-07-10 11:00:00,-0.0333796696462196,-0.7864872626711832,-0.3798274981641252
2016-07-10 12:00:00,0.28341190234604274,-0.06409019312176595,0.8727316354330314
2016-07-10 13:00:00,1.2857528060055374,0.8762370993630233,-0.6498751755087568
2016-07-10 14:00:00,1.2201618967198309,1.0308559452518538,0.06687479523460871
2016-07-10 15:00:00,0.8512066095121688,-0.21732332259011167,0.2594811334369647
2016-07-10 16:00:00,1.225961016183592,0.022582820819092797,0.42999871096209685
2016-07-10 17:00:00,-1.7054018602206524,0.3944282217028833,0.7503146200830402
2016-07-10 18:00:00,0.6611773543411202,-0.35387251695357236,-0.5947021822476906
2016-07-10 19:00:00,0.03463944019158509,-0.39760230700628385,-0.9058505407580367
2016-07-10 20:00:00,-0.1495207139138154,0.8668884053934091,1.5833757211759951
2016-07-10 21:00:00,1.1094698317389402,-0.9186753543545747,0.9934698966989277
2016-07-10 22:00:00,-0.21361427031613822,-0.6384278899443816,-0.3134925730190979
2016-07-10 23:00:00,0.9004151590925568,0.0454749215874235,0.06789520521076178
2016-07-11 00:00:00,1.416217644355068,2.0049161271203997,1.613680545800062
2016-07-11 01:00:00,1.0973945530221427,1.2435671233830303,0.8677318095486074
2016-07-11 02:00:00,0.5816691299547769,-0.5036337351777408,0.4743192508855256
2016-07-11 03:00:00,2.104367328600106,0.5703400062972763,-0.43212640992838325
2016-07-11 04:00:00,-0.02417886675268327,0.14176073691483437,0.39947441361320296
2016-07-11 05:00:00,0.3900133517697016,1.6058413796963564,2.870701206374073
2016-07-11 06:00:00,0.6261587799121451,0.6870931395860178,-0.6569274398837116
2016-07-11 07:00:00,-1.171321124777664,-0.0616688188238943,0.8360293929156045
2016-07-11 08:00:00,-0.12991378624177888,-0.1821778307881294,-0.2098884854468807
2016-07-11 09:00:00,-2.553747636519923,0.3939299333517964,1.5992566429331376
2016-07-11 10:00:00,0.1003882445075682,-0.7111739631322453,1.3957544569901157
2016-07-11 11:00:00,0.22762262434839936,-0.49121793771167244,0.5620377246903844
2016-07-11 12:00:00,-1.2582037859315849,-0.8090951588914934,1.0895602017246528
2016-07-11 13:00:00,-0.8402820513712237,-0.3030324576427043,1.1519687032145252
2016-07-11 14:00:00,1.941247423688184,2.4273799792564996,-2.75663028755617
2016-07-11 15:00:00,-1.3743248268161659,-0.6766301927833118,-0.6815939824529105
2016-07-11 16:00:00,0.03768949915549817,0.6504694395677239,1.7299953627845945
2016-07-11 17:00:00,0.571777055617917,1.0254199675964295,1.6272153230591702
2016-07-11 18:00:00,-1.228952198822873,-1.2887220393071719,0.27541234346227894
2016-07-11 19:00:00,-0.13272040562548693,-1.2965567460031704,1.7156136335712289
2016-07-11 20:00:00,0.6904792468553506,0.969155815422868,1.0309194072999202
2016-07-11 21:00:00,0.7700153234213464,1.046060166325251,-0.789396870951852
2016-07-11 22:00:00,-1.9343624368959833,-1.2591875449781242,0.4838232399974558
2016-07-11 23:00:00,-0.2313497423277018,-0.11654407850737285,-0.8465261147522297
2016-07-12 00:00:00,-0.9935566469801093,-1.0202435928326232,0.1143044228198905
2016-07-12 01:00:00,0.3487945019582563,0.31995843222337095,0.48767977822920894
2016-07-12 02:00:00,-0.3132847003878785,-0.6299181403335075,0.19182702685701508
2016-07-12 03:00:00,-1.3996481109828627,-1.5196637017806196,-0.02997207022697429
2016-07-12 04:00:00,-0.4852285600188956,-0.5443938774088358,-0.12998136927959913
2016-07-12 05:00:00,-1.4093854274026842,-0.4717489400955408,0.03815209062533512
2016-07-12 06:00:00,-0.006367792808758987,0.7487139865002468,0.7998130867208646
2016-07-12 07:00:00,-0.6144288605830142,0.4398778567616327,0.322333099982281
2016-07-12 08:00:00,1.8954773833345524,0.9375285156671146,0.5755761456882661
2016-07-12 09:00:00,-0.09435894202364022,0.6963314714207144,-0.10326124316730145
2016-07-12 10:00:00,-0.5982911823745293,-1.1906320399441985,0.6475329282331236
2016-07-12 11:00:00,1.8096012742755272,2.126549693465325,-1.3626213950646846
2016-07-12 12:00:00,0.7731487905179751,-0.39109061027056746,-0.17512178499790404
2016-07-12 13:00:00,-0.6096849144885003,-0.40014810108696464,0.02761307439848691
2016-07-12 14:00:00,-0.023777540726794416,-0.7634841340797962,0.5391460721441872
2016-07-12 15:00:00,-0.8862117920684969,-0.7271874562344237,1.005230760503959
2016-07-12 16:00:00,0.0777824854654257,-0.13021313816357122,0.4228982226899176
2016-07-12 17:00:00,0.44095857959891066,1.4196730818543255,2.16359959202197
2016-07-12 18:00:00,-0.2044108183500119,-0.08406633559162661,0.055848741072109784
2016-07-12 19:00:00,0.3610601770221749,0.1790056264146255,0.7291910088350113
2016-07-12 20:00:00,0.5206358842969252,0.40142886679914513,-0.9543386889775896
2016-07-12 21:00:00,-1.2597906691949394,-2.229786780847339,0.9198894027827093
2016-07-12 22:00:00,0.9817686797112304,0.4939848559626665,1.451415943752298
2016-07-12 23:00:00,0.8088796540837875,0.41512285429987217,1.306652801368071
2016-07-13 00:00:00,-1.118288523696929,0.09402948389655297,0.4740051084362575
2016-07-13 01:00:00,1.8898004501381245,0.47367923371236204,0.2977680114961816
2016-07-13 02:00:00,-1.119366981036463,-0.020499525845179112,-1.0750098347025907
2016-07-13 03:00:00,-0.00027336287075972277,-1.745299545668608,3.6677144296655966
2016-07-13 04:00:00,-0.20239858542164194,-0.6172932451395146,0.6343267134235888
2016-07-13 05:00:00,0.23385956732145932,0.3408461714529385,1.0490458508238318
2016-07-13 06:00:00,-0.007786240621208163,-0.4901251763160502,0.7726012787993944
2016-07-13 07:00:00,0.8324918367756355,1.0107888165753804,0.36607862004294
2016-07-13 08:00:00,0.37836004638802023,-0.19317286861739824,-0.15286043074844238
2016-07-13 09:00:00,0.6475129423862241,1.0032562895952544,1.7203413563052123
2016-07-13 10:00:00,0.4942180694572179,1.623806152612384,1.634622702833215
2016-07-13 11:00:00,-1.221435692463269,-1.5873467767377378,1.8809418969691594
2016-07-13 12:00:00,1.0677030117493413,0.03572559105415807,0.1069561380920626
2016-07-13 13:00:00,-0.9399228446992126,-1.2461843139292403,0.23604027865358068
2016-07-13 14:00:00,-0.4275070889945816,0.2375207109614637,-0.32704707027857344
2016-07-13 15:00:00,-1.5279320894138264,-0.8673477309637211,-0.06684775657597752
2016-07-13 16:00:00,-0.15425026198779251,0.5879293479294705,-0.11840660993105506
2016-07-13 17:00:00,1.489552961012027,1.084676874511444,1.0385722765282017
2016-07-13 18:00:00,-0.518803230870249,-0.9851927319410512,0.4289126649760776
2016-07-13 19:00:00,0.5680220968031695,0.3873639630591066,-1.7417096036475592
2016-07-13 20:00:00,-0.19655045299606091,0.07441796864413913,0.13243135513987575
2016-07-13 21:00:00,1.075772111975856,0.4852624091383442,0.9923826412197775
2016-07-13 22:00:00,-0.36559265476338837,-0.26876887568212265,-0.7651941873707268
2016-07-13 23:00:00,-0.2910360805486832,-1.1148822233058495,0.5851943114207239
2016-07-14 00:00:00,-1.7916052920836403,-0.9109679473193021,1.1583651772952301
2016-07-14 01:00:00,-0.7867863732967414,-0.7822818220150721,0.24570265338915842
2016-07-14 02:00:00,0.33825885638843917,0.3586794763329123,-1.1867865449456578
2016-07-14 03:00:00,0.8549389192782648,2.4587638993273906,4.4358318953255775
2016-07-14 04:00:00,0.8622651822905513,0.22094634206422759,0.14195314761272537
2016-07-14 05:00:00,-0.9719810109249308,-1.2446771633266414,1.73647787861657
2016-07-14 06:00:00,-0.22348163770312188,-0.8390214564495488,0.7660497092789048
2016-07-14 07:00:00,0.1323916384174355,1.13493312727038,2.1855122930149022
2016-07-14 08:00:00,2.7156203971617785,0.02523455791858581,0.05677524412541891
2016-07-14 09:00:00,2.078763807718787,0.8139518570846538,-0.3989942169049071
2016-07-14 10:00:00,-0.416986821536003,-1.9934830550038782,3.0410821730916755
2016-07-14 11:00:00,-0.4807891473709841,-0.5214059142188406,-0.6386583693892806
2016-07-14 12:00:00,-0.2001166630707628,-0.23525592287636338,-0.45983209124158203
2016-07-14 13:00:00,-0.24707817567706816,-1.0199980525358008,1.8918884485135206
2016-07-14 14:00:00,0.1272424258274624,-1.1726890961717449,2.1742966300955344
2016-07-14 15:00:00,-1.7077222576667541,-0.8307597395561397,0.5481474036894483
2016-07-14 16:00:00,-1.107044454699101,-1.4293899448683114,2.1479281882819885
2016-07-14 17:00:00,0.42750232890471607,0.08382234932818056,0.3006680519731245
2016-07-14 18:00:00,0.5911129583808017,-0.35229524742087037,0.07148167543060786
2016-07-14 19:00:00,1.1172700433308995,0.2319724281629587,1.3389877582507832
2016-07-14 20:00:00,0.6516139339184596,-0.40230309408906073,-0.9787360680042875
2016-07-14 21:00:00,-0.8046019255274278,-0.6142959828958564,-0.07769085258788272
2016-07-14 22:00:00,0.26296490816788204,1.251658951001652,2.9036240557597397
2016-07-14 23:00:00,0.9518471347884688,0.69197391985611,1.0435289303764916
2016-07-15 00:00:00,-0.09759539940357799,-0.10215083312840921,1.7113915988132484
2016-07-15 01:00:00,-0.1441353960444308,-1.1736681506204667,1.459176170265587
2016-07-15 02:00:00,1.289905145316013,1.4895485812097338,0.6397318196751144
2016-07-15 03:00:00,0.9148320299163616,0.1433091547032732,0.41812832228097746
2016-07-15 04:00:00,0.806340116871903,-0.3339615533203806,-0.6495610589946685
2016-07-15 05:00:00,-1.7300709933850904,-1.1524237668978528,-0.5422090846963514
2016-07-15 06:00:00,-0.7570637626982261,-0.35488946303328633,0.3126706581738233
2016-07-15 07:00:00,-0.32651099291841446,-0.2644068866867713,1.018974701590902
2016-07-15 08:00:00,0.036701229220586405,-0.6903310338965776,0.10809479275233891
2016-07-15 09:00:00,0.21522974867570976,-0.15652199649798168,-0.15808376885186287
2016-07-15 10:00:00,1.100721003017092,0.056772246828489026,0.3851858727104487
2016-07-15 11:00:00,-0.4853795134105265,0.1950141122210488,-0.7023863894645056
2016-07-15 12:00:00,-0.26523711536482625,-0.25188494685204577,-1.2749462571908035
2016-07-15 13:00:00,0.7532539940748246,0.9905203406457697,1.2506043090990195
2016-07-15 14:00:00,-0.6058489404559868,-0.6726504697794297,1.4023441412649924
2016-07-15 15:00:00,2.1295674757081904,0.07244318310962328,-1.2262209034942728
2016-07-15 16:00:00,-0.7104226576153329,-0.5697669422292408,0.3683099023341355
2016-07-15 17:00:00,0.868885436670372,0.9594455379446822,1.426358416099153
2016-07-15 18:00:00,-0.18377512430877815,0.4327505251790914,-0.7561086171677182
2016-07-15 19:00:00,-0.3836714833826931,-0.7758518638728864,1.4766058626501117
2016-07-15 20:00:00,-0.4432593823121815,-1.0277673960806446,-0.2217951270439541
2016-07-15 21:00:00,-0.06357476539047933,0.02371044087101888,-0.7598488687956907
2016-07-15 22:00:00,-0.8413492817629526,-1.4179952876382136,0.7226855490390051
2016-07-15 23:00:00,-0.02482658825778393,0.6379978131297952,-0.6580742701155311
2016-07-16 00:00:00,0.09510767205633966,-1.1545966395430889,1.269943694507576
2016-07-16 01:00:00,-0.06064205469184642,0.3207065121453471,0.7385536223789653
2016-07-16 02:00:00,-0.8912263698919899,-0.6335596252699024,0.8964191335014468
2016-07-16 03:00:00,1.7279038082608198,1.2348041871437756,-0.23988851400124298
2016-07-16 04:00:00,0.9746691375127533,-0.7874118544780913,1.231906605899515
2016-07-16 05:00:00,-0.03096628707714695,1.4828263639201833,3.396267847998468
2016-07-16 06:00:00,1.9338335678074168,0.0680884694920485,-0.9047478124814081
2016-07-16 07:00:00,1.1367764883872624,0.10461557137176991,-0.8193650259723064
2016-07-16 08:00:00,1.1661181627004111,0.45372361673056805,1.979530749856335
2016-07-16 09:00:00,-0.1175640319377805,0.15836084154115637,-0.5771037934232718
2016-07-16 10:00:00,-1.2054428675695557,-0.9272935904913836,2.507589414551692
2016-07-16 11:00:00,0.4560526697031478,0.04086936808043928,-1.0509903359124622
2016-07-16 12:00:00,-0.7705257083844594,-2.3301674714823957,4.396435061330375
2016-07-16 13:00:00,-2.928710995548528,0.749006549258506,-0.8289708281035628
2016-07-16 14:00:00,-0.9269523124062078,-1.228060840684269,2.82959508537291
2016-07-16 15:00:00,0.5599595701011706,1.211839688306891,0.67237744841936
2016-07-16 16:00:00,0.18098411491813332,-0.7365958600422133,0.7074435668217192
2016-07-16 17:00:00,0.3580137589053617,0.7411837047731988,0.8615292920498056
2016-07-16 18:00:00,2.2313979001189366,1.5444650606003725,-2.317123842882876
2016-07-16 19:00:00,0.6788018177438581,1.6245178904790354,2.195856985497664
2016-07-16 20:00:00,-0.2736301870619171,0.33473560366430816,1.0354131345808948
2016-07-16 21:00:00,2.7461813276178546,-0.49010492169334047,-1.8663009197988067
2016-07-16 22:00:00,1.9161328614662916,0.8163773032475123,0.13694285995223462
2016-07-16 23:00:00,0.07387900736953897,1.497320549106629,1.9726491896352918
2016-07-17 00:00:00,-1.32683618199018,-1.4389491082445358,-1.3502770133782112
2016-07-17 01:00:00,-0.5859709467907375,-0.5832604038979715,-1.2583828560285886
2016-07-17 02:00:00,-1.0889318905597434,-2.187003769084785,0.9497286432950194
2016-07-17 03:00:00,0.6678214869322026,1.588875574242137,2.0494607345589944
2016-07-17 04:00:00,-0.4259365828901371,-1.8089601456817472,2.944012757115324
2016-07-17 05:00:00,-0.3323647676173344,0.32727676276614465,1.231415299638176
2016-07-17 06:00:00,-1.3959200109031804,-0.7618200557901701,-0.13385407990192563
2016-07-17 07:00:00,-0.8556769026224329,-1.3662695400132847,1.0116262660136306
2016-07-17 08:00:00,1.2984418011256778,0.5423764259696375,0.31508743818263396
2016-07-17 09:00:00,1.5837745901654185,0.7626283106643388,-0.03098924916806375
2016-07-17 10:00:00,0.8809290890987959,1.5739434582130234,0.696685871293253
2016-07-17 11:00:00,-0.8654354649841566,-1.3226694914607133,1.641356422248559
2016-07-17 12:00:00,-1.6083305308670168,0.4630056486088887,-0.8155933701188092
2016-07-17 13:00:00,0.1020485373421962,-0.38202467888915753,-0.0782842016849607
2016-07-17 14:00:00,3.0255211590962325,-0.8070872377548706,-0.350570259193252
2016-07-17 15:00:00,0.22937763325404095,1.3878970563946402,2.547250918774999
2016-07-17 16:00:00,1.6910552808297337,1.4672031466352446,-0.20079012836144178
2016-07-17 17:00:00,-0.5254723141748786,0.24485051382508316,0.031749698990912026
2016-07-17 18:00:00,-1.1380884457343186,0.004083130464558327,0.7494888379079624
2016-07-17 19:00:00,0.6186680732998028,0.13509630595803068,-0.6813790322096316
2016-07-17 20:00:00,0.30741638664054155,0.34196336973658503,-0.07207662328531249
2016-07-17 21:00:00,0.19868989582718893,-0.4193893875721412,1.0205063844704356
2016-07-17 22:00:00,-0.5174423705839912,-1.683246293857673,3.197715495558562
2016-07-17 23:00:00,0.24795223520102794,0.5030135280325918,0.28085450417355967
2016-07-18 00:00:00,0.96730853577536,0.962810525679327,0.5162634996425427
2016-07-18 01:00:00,-1.407596918700839,-1.266013307096833,-0.654099179836209
2016-07-18 02:00:00,0.003892077586163259,-0.5100220756608818,0.5530171411826591
2016-07-18 03:00:00,-0.3615491070010002,-0.849444804337742,2.3708741350367633
2016-07-18 04:00:00,0.2884766465764712,1.1567257745810988,0.4300385561334785
2016-07-18 05:00:00,0.22124809943690218,0.06285594249245058,0.46876233689753466
2016-07-18 06:00:00,0.0420967451860682,-0.4101813498549028,0.12427299502612357
2016-07-18 07:00:00,-1.8840070839744527,-1.8403004852128795,-0.7709508586952942
2016-07-18 08:00:00,-1.0533317451420066,0.006010031049040743,0.6106640870961758
2016-07-18 09:00:00,-0.503583430736899,0.13652870812065643,0.9485385392137912
2016-07-18 10:00:00,-2.037486871260612,-1.3133340332212053,-1.5586608610282886
2016-07-18 11:00:00,0.3060365261245255,-1.1940054957985404,0.7347921890893093
2016-07-18 12:00:00,0.5574998408875788,0.19918905231864514,0.6412739985472672
2016-07-18 13:00:00,1.5362896200844998,0.8007059739512723,-0.6214140104648481
2016-07-18 14:00:00,0.5536717575765991,1.176862975739932,1.1732885926774563
2016-07-18 15:00:00,0.885017365113853,0.2325969961011255,-0.02098342609638485
2016-07-18 16:00:00,-0.8791977349693357,-0.6162832126615456,0.9251760227947764
2016-07-18 17:00:00,-1.2340597104679951,-0.7918538738341929,-0.2780837595956349
2016-07-18 18:00:00,0.6823473115520389,0.18133519242990326,-0.2762203528566498
2016-07-18 19:00:00,0.3239922084528985,0.9201767110326016,1.9595517533848994
2016-07-18 20:00:00,0.6888639528360315,0.2994853471453826,0.23242107343023896
2016-07-18 21:00:00,-0.41359610375674616,-1.3380474598819996,1.290862153114975
2016-07-18 22:00:00,-0.21593343587019986,-0.685283014234412,-0.395102501326978
2016-07-18 23:00:00,1.5580960295959745,-0.07393677046753921,1.3789894885113179
2016-07-19 00:00:00,-1.7535669486659933,-0.3021111528647705,0.8423824025019281
2016-07-19 01:00:00,0.3549515388704458,1.2946495169770744,1.4523958064703537
2016-07-19 02:00:00,0.06130628769510215,0.3205247539037067,0.8991817281772077
2016-07-19 03:00:00,0.39619866946264537,0.577803332401515,-0.007182819039706967
2016-07-19 04:00:00,-1.1362249506684146,-0.971595234128823,0.7136841343095397
2016-07-19 05:00:00,-1.1150454854783354,-0.6641925367315662,0.2923874403756563
2016-07-19 06:00:00,-0.9003393287077996,-0.18866704415383895,0.878293558753612
2016-07-19 07:00:00,0.20681702684884293,0.8025783100020029,1.2910262017454341
2016-07-19 08:00:00,0.4486121912107727,2.2020891040196533,4.600034648012751
2016-07-19 09:00:00,0.6232989666043454,1.0681419677016986,1.9782567566463947
2016-07-19 10:00:00,-0.13619245709842703,0.9759441832287947,1.3701752674016514
2016-07-19 11:00:00,-1.6414282010026895,0.07253742687099851,-0.4438525168920071
2016-07-19 12:00:00,-2.4134221967315503,-0.6302514103476052,-1.27406763670942
2016-07-19 13:00:00,-0.6869985091722274,-2.926547221396457,6.232716161388737
2016-07-19 14:00:00,1.0379787681138037,1.1199342247455424,0.8032463712062442
2016-07-19 15:00:00,1.590919495708905,0.5037206579456635,0.281472288707581
2016-07-19 16:00:00,0.5503882074729862,1.0389358567918503,-0.49146700634509777
2016-07-19 17:00:00,1.5362588048816193,1.134525816946018,0.9095865198667372
2016-07-19 18:00:00,0.05625817134160543,0.4534936045678707,0.28508678114567004
2016-07-19 19:00:00,0.009202711213395913,1.4926223497004123,2.4259737284513854
2016-07-19 20:00:00,3.1762602232192605,0.8127908934273432,-0.5112630630098433
2016-07-19 21:00:00,-0.4921720447971773,-1.7556900373015438,1.9698765287888245
2016-07-19 22:00:00,0.8668109297794548,0.44727708481053524,-0.24768910863334417
2016-07-19 23:00:00,0.36381948903211137,1.758722912214335,3.9662007105166284
2016-07-20 00:00:00,-0.5543781222029436,-0.6962441602172121,-1.8621580835138998
2016-07-20 01:00:00,0.4895977926462714,-0.1647217979677787,-0.6410340974736297
2016-07-20 02:00:00,0.04338915065090445,0.35321969722809354,-0.3260537458797973
2016-07-20 03:00:00,-1.0189322789439639,-1.3739993893995321,0.8167988726094193
2016-07-20 04:00:00,-1.7189224152230314,-1.695597016282508,-2.032489015000664
2016-07-20 05:00:00,1.7442594054826275,1.6857419632907233,-0.8924685855440282
2016-07-20 06:00:00,-0.25380949120181934,-0.7849233621192055,1.0392172427816173
2016-07-20 07:00:00,-0.7234435161049132,0.909831647245337,0.19088660687966713
2016-07-20 08:00:00,-0.2498931557866726,-2.027578253636429,4.479323672408168
2016-07-20 09:00:00,1.0544835548221847,-0.24840519441858477,0.8884240032342399
2016-07-20 10:00:00,0.09788151975830757,0.23372496351426897,0.014381538306638159
2016-07-20 11:00:00,0.8427431111194873,0.6786481667622402,1.1697416175727477
2016-07-20 12:00:00,-0.7163228544302012,-0.4870299629493916,0.39104116450499193
2016-07-20 13:00:00,2.3204929251268203,2.141124362726792,-2.5459281810162917
2016-07-20 14:00:00,-1.2176847502183477,-0.3201926744697112,0.5078898006791952
2016-07-20 15:00:00,-0.21412608443636294,-0.4432205086292116,1.331381028029277
2016-07-20 16:00:00,-1.370288438791392,-0.11356746999262346,1.4833092760421114
2016-07-20 17:00:00,-1.3560223600717127,-0.17875421216709297,-0.44717186368896766
2016-07-20 18:00:00,-0.2587684660500767,-0.7768069891288123,0.9086067401630304
2016-07-20 19:00:00,0.0018000411534645144,-2.150804921791947,4.280094789567009
2016-07-20 20:00:00,-0.046219339557326475,0.3056258308447421,-0.35517894920649806
2016-07-20 21:00:00,0.5780173177700182,0.7626500502281658,0.6548317915840861
2016-07-20 22:00:00,0.0422208973233664,0.016835644143559012,1.0290512038153417
2016-07-20 23:00:00,0.0005981922110003684,-0.8075613339844201,0.2597696853501904
2016-07-21 00:00:00,-0.0585521811874095,-1.2048970599922733,0.955191277312178
2016-07-21 01:00:00,-0.002361500092712624,-1.266342361568955,2.0988408602943367
2016-07-21 02:00:00,1.2877674933658516,0.32703483867621963,-0.6233903928748473
2016-07-21 03:00:00,0.7051009276531676,-0.6363734721499337,0.6750305550307261
2016-07-21 04:00:00,-1.4999461721536702,-1.2948435769733102,-0.04335530266047184
2016-07-21 05:00:00,-0.5298876966954357,-0.08034820467514958,-0.23044609156412252
2016-07-21 06:00:00,-0.7483114795938921,-1.5510782154173475,2.297739820951706
2016-07-21 07:00:00,-0.40555776473115923,-0.9185135332773301,-0.09421237676865224
2016-07-21 08:00:00,-0.03065512612831906,0.6826402105599246,-0.1503692534767604
2016-07-21 09:00:00,0.5892808744773526,0.4196538121316832,0.18751375629990497
2016-07-21 10:00:00,-1.2644827844700357,-0.8674137704030205,0.5104772823899879
2016-07-21 11:00:00,-0.16902534818968173,0.25696761436224635,0.9888621684689695
2016-07-21 12:00:00,0.32849555814919323,1.4059864560796336,1.6491750997220946
2016-07-21 13:00:00,-0.25933627747903126,-1.1303702523754693,2.4033730909749975
2016-07-21 14:00:00,-0.006283511077765042,0.9275032895051636,1.2603480963483313
2016-07-21 15:00:00,0.29598784247820675,-0.03370244491479518,0.893783355584315
2016-07-21 16:00:00,1.5294475633509264,-0.11649374349997166,0.8638892273223095
2016-07-21 17:00:00,0.38225868887260456,-0.40841738614757306,0.2860616132753056
2016-07-21 18:00:00,0.23920186558117967,-0.46427440210398985,1.0181787910381224
2016-07-21 19:00:00,-0.25067325952011343,0.2618467719407225,0.17716327377460384
2016-07-21 20:00:00,-0.8693032404612289,-0.9350331833130643,0.6692386584529003
2016-07-21 21:00:00,0.13619074752292915,-0.8113920196785601,0.85554720608629
2016-07-21 22:00:00,0.3811922238510537,1.2829250519581636,2.6590057184251625
2016-07-21 23:00:00,0.592696249864471,0.35259402864908407,0.381617513945422
2016-07-22 00:00:00,-1.327707582072618,-2.2165094796361604,1.7314063346455009
2016-07-22 01:00:00,1.6995168276832389,1.1185846567763988,0.7771708647057755
2016-07-22 02:00:00,0.25147709862314876,-0.5714074929209563,-0.30495675993637855
2016-07-22 03:00:00,1.9925350043842873,1.1730134316689314,-1.5837962915333508
2016-07-22 04:00:00,-0.40340504857817255,-0.7118760744109095,1.1845237807880413
2016-07-22 05:00:00,0.609640505757469,0.5790862706998523,0.9264279077359222
2016-07-22 06:00:00,1.1002574505189116,1.9085835580355344,2.709799037843225
2016-07-22 07:00:00,-1.4414073213898615,-0.11462557628253223,-0.9084343544071279
2016-07-22 08:00:00,-1.0157040759821554,-2.3705339614636896,2.171108258359051
2016-07-22 09:00:00,0.8962216054096728,0.9294947606071091,-0.013891968498868201
2016-07-22 10:00:00,-0.011852653676723295,0.45867696459684004,-0.214028084373669
2016-07-22 11:00:00,-0.6755904671982453,-1.3014595782582528,0.823056258632562
2016-07-22 12:00:00,-0.3716446788360231,-0.0054287495653874696,-0.20531290228371402
2016-07-22 13:00:00,-0.409818660759064,-1.1028077294434482,2.14997148033703
2016-07-22 14:00:00,0.12286862437097414,1.1503266020575291,0.2955205870745088
2016-07-22 15:00:00,-0.31643641623987745,0.8061927161100979,2.206063340112725
2016-07-22 16:00:00,0.6488081072343003,0.30691652403616576,-0.09467076158817603
2016-07-22 17:00:00,0.2552781255902173,-0.4469431547049864,0.8382925567644748
2016-07-22 18:00:00,-0.27640897140528126,-0.32532281312736006,-0.17214521752047107
2016-07-22 19:00:00,-0.004788360194280357,0.8048935265759259,1.0713957231467315
2016-07-22 20:00:00,-0.5903780364751736,-1.1808382730440048,1.9719693706635157
2016-07-22 21:00:00,0.8520173070065112,0.19498392963094646,-0.5555311565869061
2016-07-22 22:00:00,1.4516478256299545,0.14585734201114398,-0.036648182153854264
2016-07-22 23:00:00,0.21963764224053772,-0.7326880406140335,0.5280204712119959
2016-07-23 00:00:00,0.007057940837874236,-0.9712872039324199,0.8241234389412821
2016-07-23 01:00:00,-0.15516458572681835,-1.4916930036722214,1.317285814516241
2016-07-23 02:00:00,0.5091842751721523,0.31042051488994177,0.21412082401271101
2016-07-23 03:00:00,-0.10881971326890415,0.20445535956112293,-0.17319126883851907
2016-07-23 04:00:00,0.037928146858942545,1.4896890350496856,1.8006823316631277
2016-07-23 05:00:00,-0.619127135659143,-0.8362109374694591,-0.9047317802771294
2016-07-23 06:00:00,-0.16795685740965005,-0.07965332679448212,0.20703160542688945
2016-07-23 07:00:00,-0.3644121015563659,-0.4862505619373686,0.22229162902104818
2016-07-23 08:00:00,-0.36594091276785334,-0.6033677961045086,-0.5214752062646965
2016-07-23 09:00:00,-1.5025153084380503,0.14591148031555856,-0.3737608340466319
2016-07-23 10:00:00,1.150175705877074,0.2075358804583579,0.1911125510807907
2016-07-23 11:00:00,-0.4863843704440916,-1.0848810960057853,0.5211632024713788
2016-07-23 12:00:00,0.2449305429201151,-0.14836495010114026,-0.39758868542221143
2016-07-23 13:00:00,1.7072870822504813,1.4063835901233224,-1.0253164510141433
2016-07-23 14:00:00,0.239033739844029,-0.4631143343412638,0.09354906796488274
2016-07-23 15:00:00,-0.3904510782659834,-0.24987238087905128,0.9424264593060444
2016-07-23 16:00:00,-0.8959224026137783,-0.8375766489547961,0.5373755858111747
2016-07-23 17:00:00,0.8171589541012809,0.9852740934755186,2.336760659462546
2016-07-23 18:00:00,0.26599512671224007,-0.36527885741339,0.5287902339814097
2016-07-23 19:00:00,0.8295921574232378,-0.4564056843460933,1.3497571746957486
2016-07-23 20:00:00,-0.03364847827871237,0.8273692861869794,-0.18769566096282897
2016-07-23 21:00:00,0.020100503251278854,1.306513262884091,1.9332124655955467
2016-07-23 22:00:00,-1.4136857193211114,-0.13821210064061162,0.013640392282120542
2016-07-23 23:00:00,-1.1520079126191864,-2.4276022520881773,3.1154390864972994
2016-07-24 00:00:00,-1.5607495879160407,-0.5905208847344903,-0.190930619020538
2016-07-24 01:00:00,0.30172999036101855,0.1808594592526148,0.7237026848750798
2016-07-24 02:00:00,0.17286563185902776,1.4154273905337929,1.8242365104374005
2016-07-24 03:00:00,1.0419876128272831,1.066382062547686,0.2634952424039975
2016-07-24 04:00:00,-0.04218732870356592,-0.47986188238552574,0.43729646571692504
2016-07-24 05:00:00,-0.19253844172723858,-1.3854222506781755,2.573443709615526
2016-07-24 06:00:00,2.9919991793202794,1.2980870341834319,-1.5051854550096624
2016-07-24 07:00:00,-0.6184206197171868,-1.1281276544660401,0.8931858064817029
2016-07-24 08:00:00,-0.971762852454736,-0.7167489105048188,0.35945417250221684
2016-07-24 09:00:00,-1.4715689201699964,0.023255463340717153,0.9308913699729824
2016-07-24 10:00:00,-0.877111874634335,-0.17190807026483523,0.5952158602460754
2016-07-24 11:00:00,-1.4920916597051166,-1.5835316957627845,2.8431369776257354
2016-07-24 12:00:00,-0.1675639665896969,-1.0588228866351759,1.5427765713426733
2016-07-24 13:00:00,0.683233399801748,0.21421007992506114,1.0068991295125966
2016-07-24 14:00:00,0.9824732578415478,0.6460925636563797,0.610659224035591
2016-07-24 15:00:00,-0.1959015998194682,-0.7222328516150907,0.921665593669623
2016-07-24 16:00:00,1.11132143015505,3.2324393777927005,2.5102180990618956
2016-07-24 17:00:00,-1.6227358184322616,0.5891592206314635,-0.11809676259585275
2016-07-24 18:00:00,1.0861370784389184,0.047285482759220065,-0.6099917388668196
2016-07-24 19:00:00,-0.10358626485191583,0.8754561226226573,0.19414368070748944
2016-07-24 20:00:00,0.18232845506662315,-0.5687457497500066,-1.7389404745952737
2016-07-24 21:00:00,-1.7207881096765092,-1.6637822008608703,-0.8407168690859259
2016-07-24 22:00:00,-0.42801162801038745,0.4109134304708394,-1.4547080959371614
2016-07-24 23:00:00,0.7000210358971527,0.6228791177112015,-0.5250468396362564
2016-07-25 00:00:00,1.8498624883277328,0.4062528694219223,1.212710077484639
2016-07-25 01:00:00,0.016681057403238865,-0.48152132847481455,0.10139786216426608
2016-07-25 02:00:00,1.1129475602139185,0.06288144695715792,-1.2455006301606824
2016-07-25 03:00:00,-0.21214306477635436,0.2439570849642743,0.8694260303343042
2016-07-25 04:00:00,0.31966596872877673,-1.3047016660150925,2.003180096084726
2016-07-25 05:00:00,-1.306478411304379,-1.4343848620072985,-0.1615021612159231
2016-07-25 06:00:00,0.3701510335316913,-0.1558824980486711,-0.08019677213947721
2016-07-25 07:00:00,1.0562077981733624,-0.7063463335382302,0.5857183617332804
2016-07-25 08:00:00,0.3358232259898457,-0.36449719633588196,0.1779835810570933
2016-07-25 09:00:00,-1.599402757306099,-1.9393832248835619,0.10368368321138699
2016-07-25 10:00:00,0.37411763551909394,0.6193075449848043,0.8720950763319282
2016-07-25 11:00:00,-1.201938653001626,0.21896978350636265,0.4748348217870425
2016-07-25 12:00:00,-0.4189898418086438,0.24572070940300733,-0.5801101415933089
2016-07-25 13:00:00,-0.6935365838529496,-1.2156970367746065,0.9552865547926428
2016-07-25 14:00:00,-0.395204379540705,-1.6146055405875468,2.6354375693139196
2016-07-25 15:00:00,0.44454055806875836,1.4080019542105964,1.9990707262900365
2016-07-25 16:00:00,-0.2827801594867111,-0.3003985145891014,1.8551308923961418
2016-07-25 17:00:00,-0.8018557053232026,-0.8779468806766757,1.6917898259203352
2016-07-25 18:00:00,-0.09855874233531395,-1.7619445342690545,4.353649522084538
2016-07-25 19:00:00,0.7581203303801601,0.6024517738114862,3.0108160340767003
2016-07-25 20:00:00,-0.6110296789260529,-0.679330651836129,-1.4430857112972757
2016-07-25 21:00:00,-1.5354934179807904,-0.3026819586723507,0.22770076232151373
2016-07-25 22:00:00,1.4522042753693032,0.6294328044194745,0.5827038484242655
2016-07-25 23:00:00,-1.0469675835065215,-0.976551762049612,1.8197797952813384
2016-07-26 00:00:00,-0.30522248411986524,-0.4732804061456879,-0.8706392863622018
2016-07-26 01:00:00,0.08997711362272645,1.089367083484735,0.9190803270485772
2016-07-26 02:00:00,1.6582907860288025,-0.07107651443993235,1.0896534305222731
2016-07-26 03:00:00,0.20940188994633338,0.30329287628308454,0.131339994040996
2016-07-26 04:00:00,-1.3068168583753614,-0.739245501702667,-1.2645196359357969
2016-07-26 05:00:00,0.004806381183370264,-1.077018172259636,0.03795245200544417
2016-07-26 06:00:00,-0.6965570813964963,-0.29698848772683384,0.11682267114988096
2016-07-26 07:00:00,0.5307965106637225,0.46255694491817084,-0.18400982849339478
2016-07-26 08:00:00,1.5258749305769486,2.3404403201939057,-0.5876040037998486
2016-07-26 09:00:00,1.3147271928556776,1.5311812690269668,0.46068458302420745
2016-07-26 10:00:00,-0.37150630187841044,-0.5697731001233912,0.14827567199608505
2016-07-26 11:00:00,-0.5393089344903538,-1.012327445147339,1.3829718690923773
2016-07-26 12:00:00,-0.8480408820637024,-2.011287433429281,1.7171387139811358
2016-07-26 13:00:00,-1.9471099976459245,-1.5430278825285972,-2.1927466266962927
2016-07-26 14:00:00,0.1783872356924275,-0.14938636620739157,1.1146299844370153
2016-07-26 15:00:00,-0.839199002266767,-1.9308155615830995,2.056778933902299
2016-07-26 16:00:00,-1.1857381995494323,-1.0650178880821721,0.6482182558922684
2016-07-26 17:00:00,-0.16630619727678103,0.5516424124088997,0.02132359684765972
2016-07-26 18:00:00,0.5371977782737515,-0.891221166789735,0.06739900580699498
2016-07-26 19:00:00,-0.4466873277830397,0.3059049390869204,0.8537945812004069
2016-07-26 20:00:00,1.2442336888241858,0.4679734292603671,-0.29475364005457577
2016-07-26 21:00:00,0.1347784968812043,1.2070480520730038,1.4459369755259053
2016-07-26 22:00:00,0.6019615238933904,-0.34435587140451496,-0.6122360539900398
2016-07-26 23:00:00,-1.4521086822973268,-1.7607934192681032,1.2931566986379173
2016-07-27 00:00:00,0.04006600485458401,2.0936316136572275,3.827323837354112
2016-07-27 01:00:00,0.7122286787927037,1.8848740046464585,2.8684110992691023
2016-07-27 02:00:00,-0.27168506076979426,-0.6248353113804799,1.372479086997842
2016-07-27 03:00:00,0.3902273363422239,0.30640559006947055,0.37682211569456003
2016-07-27 04:00:00,0.2708405414661274,-0.5488824443827376,-1.4507711999709343
2016-07-27 05:00:00,-1.2514131480113435,-1.322030741414765,0.03563072036100601
2016-07-27 06:00:00,0.5820212320413312,0.9359403019499573,0.7097213928702298
2016-07-27 07:00:00,1.1006707965467761,0.7100426398219796,-0.13249373080003254
2016-07-27 08:00:00,1.999169580687718,3.6394468838536977,-6.378669136835138
2016-07-27 09:00:00,0.4767826072854334,1.0604268405702657,1.7454951338160511
2016-07-27 10:00:00,0.013816785788178862,0.8938369825519393,0.8838089080095934
2016-07-27 11:00:00,-1.4636773890822303,-0.3713850350758259,-0.5162599729026627
2016-07-27 12:00:00,2.2811856559125334,0.5147658861856155,-0.3878962769548831
2016-07-27 13:00:00,-0.6010036975461935,-0.6407292097733395,1.113245419006374
2016-07-27 14:00:00,2.1328450696130554,1.3365990670098,-0.3717939855003961
2016-07-27 15:00:00,-0.6505582668937425,-1.1169621250402,1.167475005432808
2016-07-27 16:00:00,0.48612625384888786,0.22433061666933637,-0.10905087681177318
2016-07-27 17:00:00,0.7610189632558007,0.2675879283162226,0.6806728618514393
2016-07-27 18:00:00,-0.8289075991842847,0.07359509364055394,0.6116280938133504
2016-07-27 19:00:00,-2.7133641145122245,-1.3509585358818585,-1.2452402891498673
2016-07-27 20:00:00,0.9884885405546786,0.2511372499259359,0.5260098604807882
2016-07-27 21:00:00,0.00892868162707537,-0.9736282073596287,1.090882688663152
2016-07-27 22:00:00,0.21225610146218143,0.36138501913899274,1.772620388506672
2016-07-27 23:00:00,-1.2736975599394755,-2.1042574662384825,1.726609119854659
2016-07-28 00:00:00,-0.24101264690103258,0.3435839490442347,-1.01892667019957
2016-07-28 01:00:00,0.09272376780364845,0.4872088131496997,1.335597963638039
2016-07-28 02:00:00,-1.715480385101446,-0.3546574836775329,0.7883228010255584
2016-07-28 03:00:00,-0.5546428783501417,-0.8618231407697132,-0.09739424961543419
2016-07-28 04:00:00,-0.14173052930568217,0.9964093364947438,0.6185672434329584
2016-07-28 05:00:00,0.5129760944808776,1.7483029910419146,2.2776539799823956
2016-07-28 06:00:00,-1.5045375814982762,-0.049002411381896094,1.0852103257624073
2016-07-28 07:00:00,-0.7494985280528225,-0.42915304464291115,0.004955069129676054
2016-07-28 08:00:00,0.7039975871412756,1.0857097495626613,0.5596495753718349
2016-07-28 09:00:00,0.12852989585501998,1.360201628758243,2.6672229990250687
2016-07-28 10:00:00,0.3461127383970867,0.5210568328921662,-0.6559101126912836
2016-07-28 11:00:00,1.5533819896689913,1.4325051500380592,0.13595171726218874
2016-07-28 12:00:00,0.25521620864313826,-1.3309358045175679,0.9563253885745895
2016-07-28 13:00:00,-0.9252735078653029,-1.0457419402641552,0.43050989146947893
2016-07-28 14:00:00,-0.23249162123527167,-1.6982542479960843,0.09750386164202585
2016-07-28 15:00:00,1.2104674668533235,0.8378477054260781,-0.46238506780998073
2016-07-28 16:00:00,1.0784076341134377,-0.09779203466754172,2.0475839403353833
2016-07-28 17:00:00,-0.6043577904139708,-1.1507953024399185,2.0154896939978335
2016-07-28 18:00:00,-0.43997344853222137,0.6740566152366458,-1.3514790294548464
2016-07-28 19:00:00,0.1364476222868252,0.7527845194831124,1.2329534461301206
2016-07-28 20:00:00,0.24268521741608443,0.2682172651110538,1.315769486828428
2016-07-28 21:00:00,-0.9152606557531634,-0.29347542722600445,1.468903854713117
2016-07-28 22:00:00,-0.7871610156070475,-1.1807576266657767,0.4345184694819695
2016-07-28 23:00:00,1.491893740273193,1.4283176986333,-2.3691137419809714
2016-07-29 00:00:00,0.0959987462588187,-1.6400311044669438,2.652400626275582
2016-07-29 01:00:00,-0.7565426311404748,-1.0558345874286366,1.2203193201071938
2016-07-29 02:00:00,-0.5770002478935393,-0.3415401186199279,-0.15562803126283675
2016-07-29 03:00:00,-1.5639242025539777,0.4742669078261952,-0.3170978954345471
2016-07-29 04:00:00,-1.004988102566856,-1.4716002778513042,1.6019974105228545
2016-07-29 05:00:00,-1.369545466337613,0.0385203982136586,-0.7636432067553948
2016-07-29 06:00:00,-0.28613657289687655,-0.4993455160724046,-0.9247229474194923
2016-07-29 07:00:00,0.7649655527713515,0.3783689570887765,-0.34614417580485723
2016-07-29 08:00:00,0.9006637614852392,0.8100965173302692,-0.7621854150368272
2016-07-29 09:00:00,-0.11734749953523987,-1.033757670050377,-0.3835394423537315
2016-07-29 10:00:00,1.1001024128165142,0.13893776589730644,-1.1704668028036487
2016-07-29 11:00:00,0.9813822340294373,-0.16728588814248035,-0.5600511133655814
2016-07-29 12:00:00,-0.1470899027941502,0.7881421189740029,1.7762966760424477
2016-07-29 13:00:00,-1.07368924639253,-1.8230398008373365,2.00734276216653
2016-07-29 14:00:00,-0.31427065290958567,-0.12852777310342642,0.7276083917313604
2016-07-29 15:00:00,1.8884465447268661,0.15219232633758362,0.7312965810786186
2016-07-29 16:00:00,2.426341331653988,0.7335056138511504,-0.3945040963942364
2016-07-29 17:00:00,0.15008847147824783,0.6246191595536973,0.7837769813569648
2016-07-29 18:00:00,-0.7964694873880845,-0.22987301881466848,-0.3986591801141424
2016-07-29 19:00:00,-0.0507693587698976,-1.0959844659889983,0.489049403921741
2016-07-29 20:00:00,-1.0259646952985937,-1.3293617228243457,0.48563590499043063
2016-07-29 21:00:00,0.11214011868291822,0.3703632708087367,0.2978938265036559
2016-07-29 22:00:00,0.58022072036343,-0.20623035314082683,-0.028803216432215513
2016-07-29 23:00:00,-1.182478549207461,-1.4052929464350699,0.4210230528960247
2016-07-30 00:00:00,-0.4907191546425699,0.2429616503051374,0.4882107915714505
2016-07-30 01:00:00,-0.2534610027841478,-0.8120645639343553,0.03496494749143064
2016-07-30 02:00:00,0.7855195354667922,1.0030111464408997,-0.6531027907911059
2016-07-30 03:00:00,2.1584080512582395,1.0442188292777097,-1.67954976547492
2016-07-30 04:00:00,-1.2940655562982466,-1.2480350091712515,0.5656461879772958
2016-07-30 05:00:00,0.5514442614806667,-1.1710696550438113,0.9689699074660721
2016-07-30 06:00:00,0.32213530415166547,1.9744588803502663,4.3053739089138485
2016-07-30 07:00:00,1.253783203999585,0.6120197242936394,-0.9437399895644067
2016-07-30 08:00:00,0.0803056670388532,0.7910347220624079,0.4850250288750831
2016-07-30 09:00:00,0.8819694745207748,0.10638954199217787,-0.9208760715485155
2016-07-30 10:00:00,0.20414292003743023,-0.07155877201436428,-1.221180591192213
2016-07-30 11:00:00,-1.5886161132457775,1.0129808870075796,-0.7085373705901519
2016-07-30 12:00:00,0.2898255544491196,1.2825756356690392,0.6459026764485614
2016-07-30 13:00:00,-1.6151962543003922,-3.284683080733556,-2.494235473455893
2016-07-30 14:00:00,-1.6863103410119455,-0.9666490977493742,-0.2700764117202293
2016-07-30 15:00:00,-1.045119513128108,0.09455829634399582,0.32610262567438986
2016-07-30 16:00:00,0.5189859501136815,0.004139913302948106,-0.6902076796684004
2016-07-30 17:00:00,0.428810888116405,-0.43047033712220556,-0.08899148275887461
2016-07-30 18:00:00,-0.13443229717197816,0.3737960661384393,-1.0221508553725849
2016-07-30 19:00:00,0.8448489962827579,0.4442108099400788,1.2132571367821268
2016-07-30 20:00:00,0.3335186952334816,0.09615043773951198,-0.6904950082840305
2016-07-30 21:00:00,-1.6009946866514864,-2.0764441599616252,0.8508353029046762
2016-07-30 22:00:00,-0.20860055939391586,-1.4077347234428212,1.6333879898979398
2016-07-30 23:00:00,1.6371431358343274,1.179128525549723,-0.7166045585774287
2016-07-31 00:00:00,-0.25659744750585856,0.3057003575375203,-0.2648663464941402
2016-07-31 01:00:00,0.013696244366751681,1.1373894100973652,0.7665990286300678
2016-07-31 02:00:00,-0.59644786168071,-0.19693815791544733,-0.4489747187472159
2016-07-31 03:00:00,0.7633861663800757,0.43748493373067443,0.3577569213432063
2016-07-31 04:00:00,0.7319657961133981,1.2107186312194729,0.5828871187057914
2016-07-31 05:00:00,1.4901705127208125,1.376448606202879,0.35695702667588236
2016-07-31 06:00:00,0.4598659463877448,-0.9441653716828489,0.41090448928538514
2016-07-31 07:00:00,-1.2583667317415612,-0.5681435523105436,1.1748409715332908
2016-07-31 08:00:00,0.6790124766412602,0.6795849000566059,-0.00413527822124371
2016-07-31 09:00:00,0.01831390453138631,-0.9076551494242528,-0.3907690565433376
2016-07-31 10:00:00,-0.46237184845854357,-0.5730666994467899,0.9301399468841854
2016-07-31 11:00:00,1.0167251771907695,0.23509508710396743,0.7548815008360482
2016-07-31 12:00:00,0.31110910541409514,0.737329700007959,0.3916379965203479
2016-07-31 13:00:00,1.061476095117437,1.8505014402819442,0.5111764759983446
2016-07-31 14:00:00,0.1757984737608912,0.3113091808691273,0.6951172401438366
2016-07-31 15:00:00,-0.15385423067852966,1.2059440348824393,2.8193879155474826
2016-07-31 16:00:00,-1.1332739099801723,-1.1158434686466014,2.2570066776083193
2016-07-31 17:00:00,1.2574997466497175,0.1013314132158184,0.625683816893989
2016-07-31 18:00:00,0.7618697277146752,-0.0034408926771319903,0.4488553962427032
2016-07-31 19:00:00,0.5012949940122722,0.09102368565367375,-0.5455430431246596
2016-07-31 20:00:00,-0.6393610449026498,-2.02490606902971,2.7776760124594526
2016-07-31 21:00:00,-3.166921528665477,-1.048983723575154,-1.7380245390620632
2016-07-31 22:00:00,3.236920211464965,-0.451137738602993,-0.08619557649803045
2016-07-31 23:00:00,-0.03698457892276372,-1.4665580874424144,2.504027957047176
2016-08-01 00:00:00,0.7001656276937205,0.7737550064226313,0.20200451813158282
2016-08-01 01:00:00,-1.5123776778864493,0.4585887800173415,0.07838816045532537
2016-08-01 02:00:00,-1.286245097506538,-0.8619605506936205,0.8504535929743748
2016-08-01 03:00:00,1.3692370555085405,0.8639903080942792,0.26700271830890887
2016-08-01 04:00:00,0.5210875422704904,0.8605946958317562,0.1000337989254968
2016-08-01 05:00:00,1.416582318396757,0.8638949261974036,-1.4938646491477083
2016-08-01 06:00:00,0.915659476990786,0.08058751692479649,-0.06859808311706417
2016-08-01 07:00:00,-0.2387565163934372,-0.5091257892761029,-0.05160235799002516
2016-08-01 08:00:00,0.6160471642716626,-0.3970674663210437,-0.9563593291208867
2016-08-01 09:00:00,1.507372681847026,0.49271713116273197,0.7080684039065193
2016-08-01 10:00:00,0.7729183466931054,-0.30009547138754133,-0.33236193069335024
2016-08-01 11:00:00,-1.1179865088860406,-0.858514165860503,0.2429385039525706
2016-08-01 12:00:00,0.8447777267199414,1.1422143658790893,2.2881097927834957
2016-08-01 13:00:00,0.5115682598779168,1.1508655480844507,0.872584071958012
2016-08-01 14:00:00,-0.8985218470788036,-0.3301999024787764,-1.75608316926233
2016-08-01 15:00:00,-0.41210733270972183,0.3688167048101191,-0.1541415740639086
2016-08-01 16:00:00,0.4104116469099327,0.664492524950239,1.09730657888501
2016-08-01 17:00:00,0.5691607467797684,0.5411770687834138,-1.2784661302239353
2016-08-01 18:00:00,-0.6527992931610497,-0.38020222187505437,-0.4250510653294245
2016-08-01 19:00:00,2.0085051930697992,0.9010400633017229,-0.022818533348658687
2016-08-01 20:00:00,0.21178719075765948,-0.1858256984408797,1.2878329773998292
2016-08-01 21:00:00,-0.9901304854388557,-2.8779772443048866,4.721063941419707
2016-08-01 22:00:00,0.5204804262915254,1.0956083298711767,1.279431168735312
2016-08-01 23:00:00,0.8686685729348387,0.6792730116592199,1.0823608869792325
2016-08-02 00:00:00,1.0390611770737181,2.217060436555868,3.826708799637003
2016-08-02 01:00:00,-1.6509000697364076,-1.6571714659169308,0.1571179335527401
2016-08-02 02:00:00,-2.215875500669908,-1.4096985646776528,-1.6507682201328784
2016-08-02 03:00:00,1.0649322759227335,2.033418828595324,1.5833055601334032
2016-08-02 04:00:00,0.4568441415131407,-0.696474011563279,0.7646746802073553
2016-08-02 05:00:00,-0.42678865461079335,-0.6319912930089384,-0.5812043595049725
2016-08-02 06:00:00,-2.743671495399391,0.63186859249375,0.15553886878378603
2016-08-02 07:00:00,-1.7324654543733813,-0.7836792970407258,0.5822319550835513
2016-08-02 08:00:00,1.060589036119621,0.4005977796500191,0.466778552280923
2016-08-02 09:00:00,-0.5624388631960026,-1.6149646382989225,2.028780294375963
2016-08-02 10:00:00,0.7351173518489632,1.0441857790759774,-0.8105196675367504
2016-08-02 11:00:00,-0.18426450193842378,-1.1031163010046807,0.7241045965529157
2016-08-02 12:00:00,-0.34337192156867935,0.4728398697448931,0.20067362973311995
2016-08-02 13:00:00,-0.3013600092095616,-0.05748135849876235,0.3967044550289703
2016-08-02 14:00:00,0.4061469137322321,-0.4759843991249087,0.29864478817973683
2016-08-02 15:00:00,1.1394329137272718,0.17597759123121237,0.5954618308354542
2016-08-02 16:00:00,0.7023758726544168,0.4119854481118877,0.8296477876945487
2016-08-02 17:00:00,0.3896597299856083,0.6886348523483576,0.2597000832799746
2016-08-02 18:00:00,1.0564942749384534,1.5162614017869764,0.13010412849333042
2016-08-02 19:00:00,-0.912199903548843,-1.364730423902604,2.885042892112276
2016-08-02 20:00:00,0.24845222195450312,0.04104783849362628,0.42664805939189443
2016-08-02 21:00:00,1.1958060194153866,1.9148594451908685,0.043490711452818465
2016-08-02 22:00:00,0.2729181358396882,2.1323751748564455,3.4936602295749433
2016-08-02 23:00:00,0.6451080987592829,0.5848605380961291,0.1517097401289989
2016-08-03 00:00:00,-0.1228753338225821,-0.6293776250232397,0.1013208226809088
2016-08-03 01:00:00,-0.6426012012627991,0.17581168308152795,0.623934255198181
2016-08-03 02:00:00,-0.05346643946628419,0.565909911480201,0.09930430322651851
2016-08-03 03:00:00,1.559193145597831,1.1265814896676793,0.2448607952057817
2016-08-03 04:00:00,-0.24237573968899737,1.1402966388379538,1.9405838017571835
2016-08-03 05:00:00,0.21651116832997824,1.2498254115195007,0.6042002421866507
2016-08-03 06:00:00,0.7859486955465191,1.716146364833808,1.8024148836178135
2016-08-03 07:00:00,0.8589367791494202,0.5445386086240592,0.46893488816350815
2016-08-03 08:00:00,-1.067190590908037,-1.2254247469465902,0.24734123434965888
2016-08-03 09:00:00,-0.4719289421981914,-0.967017297485345,1.6460300665965433
2016-08-03 10:00:00,1.2422843420394798,0.4235858186350221,1.7188142605359165
2016-08-03 11:00:00,-0.2690322885459533,-1.948113986918678,2.1662749510663684
2016-08-03 12:00:00,0.08250765889655606,0.35030000452373755,0.5504800805870387
2016-08-03 13:00:00,0.36485425320857234,0.46577454864418677,-0.09637548378421382
2016-08-03 14:00:00,-1.3379091029363124,-1.1035474329536747,1.0647031752255787
2016-08-03 15:00:00,-0.8669165675837675,0.6482878092756035,0.6416605373131932
2016-08-03 16:00:00,-1.4866273972876742,-0.849514204384392,0.8642771368858245
2016-08-03 17:00:00,-0.10118772722950793,0.797034106156787,1.1625152105689014
2016-08-03 18:00:00,-1.588078533874699,-1.1374590142422971,-0.18664563582634736
2016-08-03 19:00:00,-0.9716213263966478,-1.5745397340813705,2.4554632871875617
2016-08-03 20:00:00,-0.03887685777851555,-2.689945452817761,7.415506687392398
2016-08-03 21:00:00,-0.8425325927671803,-1.104187555114156,0.014967832103748857
2016-08-03 22:00:00,-0.5051772879642926,-0.15411117245942896,0.022705526406373567
2016-08-03 23:00:00,-0.7248383150373269,0.052940845470325404,-0.1900549720226068
2016-08-04 00:00:00,0.25895723203601745,-0.29195885516363274,0.9777516271921893
2016-08-04 01:00:00,2.0369940158705777,0.21570637180965868,0.17362760582198325
2016-08-04 02:00:00,0.10143969184183135,0.7819265890869688,-1.3302291498326322
2016-08-04 03:00:00,-0.5376832706003333,-0.19516445967941587,-0.11823909938341703
2016-08-04 04:00:00,0.7151846438158168,1.397582741807696,1.7193658452454117
2016-08-04 05:00:00,0.9245960869836185,0.819512865437691,0.6018707436830056
2016-08-04 06:00:00,-0.14155546093924748,-1.0237094462477088,0.9997119672023259
2016-08-04 07:00:00,0.15664077669064763,0.46443665203369033,-0.36426027033941516
2016-08-04 08:00:00,-0.6645492158399113,0.5685599911702438,0.8288230270218999
2016-08-04 09:00:00,-0.256193251797062,-1.0008900683133999,0.3264999927464274
2016-08-04 10:00:00,-0.7608249832957235,-0.7971844228582408,1.213789915900075
2016-08-04 11:00:00,0.6680050867544478,0.7623719283225556,0.05847286755798414
2016-08-04 12:00:00,-0.8957958317130622,-2.0380923184865583,3.4015454411886497
2016-08-04 13:00:00,0.34124791338594607,0.6240862615351173,1.4023266814746127
2016-08-04 14:00:00,0.41650594213508274,0.8077758217593365,0.5544273240089549
2016-08-04 15:00:00,0.06651418051133347,0.7976522526201446,0.6856268611631274
2016-08-04 16:00:00,-1.0136154746295563,-1.391548803148271,0.16364493815796388
2016-08-04 17:00:00,1.353349847433967,0.46585148240272467,-0.5715403661042097
2016-08-04 18:00:00,-0.5372741210214811,-0.7037065616050732,0.05315089811809459
2016-08-04 19:00:00,0.9186009318344466,0.30211841406695505,-0.9812709139982526
2016-08-04 20:00:00,-0.2825185247158194,-0.5527253586212169,0.5528049925212954
2016-08-04 21:00:00,0.42430957650054935,-0.026771319211872313,1.4517807767305033
2016-08-04 22:00:00,-0.13308481975115344,0.21581138927228585,0.34046160306797313
2016-08-04 23:00:00,-1.05925583078924,-1.5635694833694482,0.5528958034787844
2016-08-05 00:00:00,0.8197762922788082,1.3723881534546973,-0.12190685961996328
2016-08-05 01:00:00,-2.473179987175204,0.3533981664844835,0.5429295083151338
2016-08-05 02:00:00,1.3155543019944211,1.5815028350147777,0.9666909157909285
2016-08-05 03:00:00,1.1651978232828404,1.323871232317002,0.7359917872949429
2016-08-05 04:00:00,-0.9207089821287111,0.46813896909994634,0.04100135463617485
2016-08-05 05:00:00,-1.1202725593894876,-0.4990714879269267,0.9180020113025098
2016-08-05 06:00:00,-1.3507562711675454,-1.119850698634644,0.5379712980908846
2016-08-05 07:00:00,-3.273887250402001,0.9073617011036761,-1.378794484594279
2016-08-05 08:00:00,0.8738250874007795,1.2632395804446357,1.687512010553803
2016-08-05 09:00:00,2.0897108616889515,0.09208511751953696,-0.6069493610002489
2016-08-05 10:00:00,-1.2507523626438848,-1.217494444757059,0.9680230720061391
2016-08-05 11:00:00,-1.7751283966467801,-1.0732474457391634,0.7538756655288757
2016-08-05 12:00:00,-0.16000500947054366,-0.3686099331797983,0.009365595430349205
2016-08-05 13:00:00,-0.2912345738660086,0.7691360030090537,1.2225973580991778
2016-08-05 14:00:00,0.0008028998276576484,0.17743090751646132,-0.06111516197904695
2016-08-05 15:00:00,0.671610911785459,-0.42263439310955575,0.8756278130500731
2016-08-05 16:00:00,0.7331888228032911,-0.906989352690074,0.5103344700544012
2016-08-05 17:00:00,0.30984121776129614,0.5621863751786589,1.05387554629924
2016-08-05 18:00:00,0.110239994877017,1.0693754719184825,1.6971062052655737
2016-08-05 19:00:00,0.9105131307497556,0.8644391057353278,0.969360192937363
2016-08-05 20:00:00,2.1583651473018257,0.4595571948931078,0.4791660451213736
2016-08-05 21:00:00,0.7772675610050919,0.1593271966092057,-1.0657791513286734
2016-08-05 22:00:00,0.6394402691872623,-0.6166526325989136,0.922772287268689
2016-08-05 23:00:00,1.3609153306691832,1.0906354758579084,1.3657389031749805
2016-08-06 00:00:00,1.004996520562476,0.16809009104078765,-0.527731343975136
2016-08-06 01:00:00,-0.9215278007545135,-0.017635042192221895,-0.3641060879883623
2016-08-06 02:00:00,-0.9074466849296595,-0.7680725004999543,0.7732686017052433
2016-08-06 03:00:00,0.7605140787341357,0.9925149700774981,-0.5390067776733514
2016-08-06 04:00:00,-0.16899197306043545,-0.41442980136171303,0.675850925479755
2016-08-06 05:00:00,-1.071561760182326,-1.7458855823076713,0.13504355101674514
2016-08-06 06:00:00,-0.9317684640534513,-1.641599746360824,0.5217357275796897
2016-08-06 07:00:00,0.11535300317077701,0.30595534546016295,-0.49835519234955056
2016-08-06 08:00:00,-0.46654950197283745,0.6253623176806924,-0.5122177175188347
2016-08-06 09:00:00,-0.10607635793521913,-0.08118062827953951,0.7432371319370417
2016-08-06 10:00:00,-0.14943900797986143,-0.8698820527266761,-0.69157054833702
2016-08-06 11:00:00,-0.44608082298406093,0.04046604905817386,-0.03710688331443108
2016-08-06 12:00:00,0.6893240480305078,0.3415144261515925,0.9752886594287846
2016-08-06 13:00:00,0.23489915281734725,1.62126304959697,1.798109692381829
2016-08-06 14:00:00,1.5775708414094944,0.4716690542119766,0.8029508273711844
2016-08-06 15:00:00,-0.4022664393273603,-1.3255009044410955,1.004052087891486
2016-08-06 16:00:00,1.476177486479838,0.9053899069522297,-0.35677692962480084
2016-08-06 17:00:00,2.243846547976008,0.4067556153277417,0.23157814985659686
2016-08-06 18:00:00,-0.12787768825851029,-0.6818095145076127,1.4112185855126362
2016-08-06 19:00:00,-1.356280525697906,-1.5866646036317342,1.8597097096064523
2016-08-06 20:00:00,-1.3743287230028234,-1.3792077149697137,-0.6971774248935321
2016-08-06 21:00:00,-1.0224263690314488,-1.1356587293701579,0.6526085543694697
2016-08-06 22:00:00,-0.7511071423186332,-1.5718555267084686,2.194052284559512
2016-08-06 23:00:00,-0.7444742037977302,-0.0714093910446999,0.2012721611843314
2016-08-07 00:00:00,-0.06773280966301197,0.9430312305158765,0.15246475965465078
2016-08-07 01:00:00,-0.4509273101006013,-0.5349742326180298,-0.03902755399048302
2016-08-07 02:00:00,1.5662626418344394,1.9071695204563843,0.5298612311808326
2016-08-07 03:00:00,1.407386050860415,1.692613506733922,-0.621124330170002
2016-08-07 04:00:00,-0.22527646196034348,-0.26288270453154206,-1.1853306665143049
2016-08-07 05:00:00,0.6285034522402689,-0.5151724477693121,-0.3482632853265287
2016-08-07 06:00:00,0.29101378827588387,0.5118021519645729,-0.9634327058427434
2016-08-07 07:00:00,-0.4282174667178285,-0.6083618422506647,1.6329035270428984
2016-08-07 08:00:00,-0.5815795845713577,-0.6312327766495538,2.102564841320085
2016-08-07 09:00:00,-1.2313565047961246,0.17409885684590243,0.008247396679944658
2016-08-07 10:00:00,1.1221847557228495,0.3136849134788252,0.1792463466892863
2016-08-07 11:00:00,-0.439203458239321,-1.0656900211442148,0.5598206288101497
2016-08-07 12:00:00,1.4870247323517365,0.8263910922700162,0.6130680628388498
2016-08-07 13:00:00,0.008020135292423404,0.10067193759369482,-0.8311170644917911
2016-08-07 14:00:00,-0.36877655894346856,-0.45530953557504417,-0.7954871355628538
2016-08-07 15:00:00,0.04452334603836045,0.8503958758613892,1.8358130085010143
2016-08-07 16:00:00,0.5319302264209972,0.14394517907058896,-0.6700125585029236
2016-08-07 17:00:00,0.27703540859070924,0.8459807184448974,0.3454771882581809
2016-08-07 18:00:00,1.8002216788467236,1.6072145517313894,-1.2034153128467568
2016-08-07 19:00:00,1.0819078463024503,1.1711680162670173,2.0171026660066813
2016-08-07 20:00:00,-0.336972376668838,-0.8060698651840852,-0.07135983569349225
2016-08-07 21:00:00,1.0576984199357036,1.3928435597693882,0.5265130538787117
2016-08-07 22:00:00,-1.506733342977914,-1.3475190189365271,0.6752652939234995
2016-08-07 23:00:00,-1.6743183804229762,-0.40707089341987024,-0.2861835197860022
2016-08-08 00:00:00,-0.014312020369807816,0.518336709054943,0.19191372487478492
2016-08-08 01:00:00,1.3606928768937558,1.4170882269600191,0.112988508123822
2016-08-08 02:00:00,-1.0262347442834958,-2.338780705909056,3.6946316773495576
2016-08-08 03:00:00,-0.25507506763519733,-0.33267892878381233,2.0989493557520085
2016-08-08 04:00:00,0.4157795406902208,0.35143628270804034,0.21955419973169651
2016-08-08 05:00:00,0.8737448313565122,1.1369811286613778,0.16132444345734387
2016-08-08 06:00:00,-1.1291756319690318,-2.15917486292215,1.6269556286089513
2016-08-08 07:00:00,0.9481751267254743,1.8956517381966997,2.7417247752318983
2016-08-08 08:00:00,-0.9848700500270526,-0.4869077091191839,-0.8421527920768116
2016-08-08 09:00:00,-0.511679947141013,-0.24314858348846158,-0.38736498101692685
2016-08-08 10:00:00,-0.29589003602852326,0.6131427822121014,0.22221612526001078
2016-08-08 11:00:00,-0.30874602526521433,-0.9855986440976021,1.6022623508174039
2016-08-08 12:00:00,0.5888036656851336,1.9734759956311647,2.826503354200947
2016-08-08 13:00:00,-0.7202169215248021,-0.1708848596582579,0.31157534113866586
2016-08-08 14:00:00,-0.04643295590240587,1.1808199871045963,1.148983364997501
2016-08-08 15:00:00,-1.3648093404543753,-1.0966482658128862,0.15700086570857757
2016-08-08 16:00:00,-0.9148593669013299,-0.633402725560363,-0.49215784668483187
2016-08-08 17:00:00,-0.36427305351255396,-0.3893818511916927,-0.8872048163192182
2016-08-08 18:00:00,-0.19808545357180893,-0.48833927481849393,-0.730392321624691
2016-08-08 19:00:00,-0.8664713925597487,-0.6504291765403687,0.42055356201818206
2016-08-08 20:00:00,-1.3589607064040226,-0.11815389603523352,0.34745451947548933
2016-08-08 21:00:00,0.1752936204211539,-0.2098972424851203,-0.011431172773494834
2016-08-08 22:00:00,1.169579384042656,0.13505337861523892,-0.6639963987634352
2016-08-08 23:00:00,-1.0451122910966708,-1.6928109670686675,0.6900687967188728
2016-08-09 00:00:00,-1.6686373514389183,-0.30770080379766696,2.101329032380715
2016-08-09 01:00:00,0.22011825812871524,-0.5003411392299395,-0.17396771931264876
2016-08-09 02:00:00,-1.3403672566743743,-1.0447405423747933,-0.942124678557792
2016-08-09 03:00:00,0.3025494029014242,-0.03346532841837768,0.501749212178178
2016-08-09 04:00:00,1.4065328615798474,0.7634504609405581,0.10409207281447319
2016-08-09 05:00:00,1.3881432731947507,0.16577412857614882,-0.0016192044348437781
2016-08-09 06:00:00,-0.5893566824216588,0.13658626198117663,1.6868353575736013
2016-08-09 07:00:00,-0.27202696781534863,-1.4511290598747668,2.0782289454540677
2016-08-09 08:00:00,-0.13844188748047032,-0.9470851751552029,0.25706615838419766
2016-08-09 09:00:00,-0.9706486894090801,-2.6038069446693854,5.411102072948121
2016-08-09 10:00:00,1.3597579242386804,0.772512694471237,-1.1267101454832316
2016-08-09 11:00:00,0.5275040425706233,1.0409612228369558,0.4245021538035738
2016-08-09 12:00:00,0.6107559470932706,1.8265805303206795,1.9553061355687547
2016-08-09 13:00:00,0.7679801446855085,-0.1558294545794524,0.24449474989580317
2016-08-09 14:00:00,-0.9375914221495413,-1.0483436969503144,0.9362841216470461
2016-08-09 15:00:00,-1.4967325960511122,-0.3612959633914915,-0.671548687846338
2016-08-09 16:00:00,-1.1251477072462583,-2.3605908560823337,2.3707601694380243
2016-08-09 17:00:00,0.5688682380634622,0.045895866868989166,0.5310909154272021
2016-08-09 18:00:00,-1.5800091601525739,-1.7221513694081256,-0.3498752473517833
2016-08-09 19:00:00,-0.7480406236056207,-0.20364954377840006,-1.0749612986587682
2016-08-09 20:00:00,-2.36226945685974,-2.2636080958237264,-5.1866802601567175
2016-08-09 21:00:00,-0.5053153488256723,-1.350936812326718,1.5988761445189204
2016-08-09 22:00:00,-0.46291667330494785,-1.9172246111272886,2.5194055665610446
2016-08-09 23:00:00,-0.39666979062389507,-0.28475016042968593,-0.8152425254985518
2016-08-10 00:00:00,1.0878420565967302,1.8925300977118973,1.2688986279990273
2016-08-10 01:00:00,-1.2424014801048762,-0.4200775632777739,-0.13895272860785884
2016-08-10 02:00:00,-0.5065804394272401,0.796626503177793,2.597997449962887
2016-08-10 03:00:00,0.8426255010113601,0.4708119866375464,-0.28119158553480317
2016-08-10 04:00:00,1.3370084170947985,1.369454097974863,1.3269078361642943
2016-08-10 05:00:00,1.6933157383316793,1.4532222776445194,0.6101543833724423
2016-08-10 06:00:00,0.28999246949418866,0.001142579430590318,-0.8860803309966712
2016-08-10 07:00:00,-0.4001154294595467,-0.8735101385543742,-0.027967578588233843
2016-08-10 08:00:00,-1.022886694328225,-1.527806589556232,0.40057556420161256
2016-08-10 09:00:00,-1.051441906554575,-1.3661433862898578,1.6327065410947648
2016-08-10 10:00:00,-1.3139115043246705,-0.4312719639266809,-0.06612361427730123
2016-08-10 11:00:00,0.28408374726980873,1.2404020853392752,1.9591188140171116
2016-08-10 12:00:00,1.482065251061573,2.277636249834506,0.8545195320288039
2016-08-10 13:00:00,1.2309181828111688,2.4134078423913774,1.7192587010150815
2016-08-10 14:00:00,0.6078393295184729,0.5639543359865001,-0.26617613727187056
2016-08-10 15:00:00,-0.1748681025368768,-1.082907296454557,1.7195532658831447
2016-08-10 16:00:00,1.533413285816969,1.4540089342240543,-0.8444536549034188
2016-08-10 17:00:00,1.5399461134552452,0.7876934334125478,-1.3397725893032661
2016-08-10 18:00:00,-2.3958012655315986,-0.27376267088039197,1.3830467570369924
2016-08-10 19:00:00,0.9288385739994947,1.1586242558869446,0.03268131279067987
2016-08-10 20:00:00,-0.1938613002831082,-0.5830978636781594,0.7000946546745245
2016-08-10 21:00:00,-2.3502435202287137,0.6518584979642555,-1.377128797860037
2016-08-10 22:00:00,0.2610770015328789,0.25376443428638057,-0.8647634165342362
2016-08-10 23:00:00,-0.682129632874843,0.5802980112729006,0.9817641364385661
2016-08-11 00:00:00,1.012693635415261,1.1236515431719851,2.6289206963360656
2016-08-11 01:00:00,-1.0439081009897304,0.03701303573248682,0.7490533416667912
2016-08-11 02:00:00,-0.5989132369517404,-0.704200326762993,0.7873768255034207
2016-08-11 03:00:00,-0.2428638082246283,0.002461388315892432,-0.6852170476816194
2016-08-11 04:00:00,0.6113451276411811,0.9293631963510549,-0.12515042691868594
2016-08-11 05:00:00,0.8072862433890763,0.48284319545309007,-0.7453065313116909
2016-08-11 06:00:00,-1.400535104680839,-0.5219014478845632,0.1344650693164028
2016-08-11 07:00:00,0.4472922850847794,0.043301889600475096,1.0109816853287075
2016-08-11 08:00:00,-0.7141763705761988,0.03671015468549421,-0.1907302505882147
2016-08-11 09:00:00,-1.2692713868081325,0.19024933667490962,0.11915774036970601
2016-08-11 10:00:00,0.5162737091081527,-0.39925480727731427,0.6752479772437278
2016-08-11 11:00:00,0.27038980101555715,0.15804751657789423,0.06272468381956099
2016-08-11 12:00:00,-1.1568054875575422,-2.3673190820099963,2.0083551374044726
2016-08-11 13:00:00,-1.707841839978689,1.088752690658486,0.6826608553057191
2016-08-11 14:00:00,-0.21976353989989483,-1.2293615160697189,1.0853504708712065
2016-08-11 15:00:00,-0.7582147563179062,-0.011935311421158667,0.1843757822960059
2016-08-11 16:00:00,1.690675879391568,0.6895788241095157,-0.33523574181829485
2016-08-11 17:00:00,1.5689499325353744,0.6640236848248398,-0.377820825262126
